{
    "GMTKN55:ACONF_1": {
        "partners": [
            "GMTKN55:ACONF/B_G",
            "GMTKN55:ACONF/B_T"
        ],
        "nu": [
            1,
            -1
        ],
        "egfn1": 0.3284621834754944,
        "egfn2": 0.6049285531044006,
        "eref": 0.5979999899864197
    },
    "GMTKN55:ACONF_2": {
        "partners": [
            "GMTKN55:ACONF/P_TG",
            "GMTKN55:ACONF/P_TT"
        ],
        "nu": [
            1,
            -1
        ],
        "egfn1": 0.297662615776062,
        "egfn2": 0.5666090846061707,
        "eref": 0.6140000224113464
    },
    "GMTKN55:ACONF_3": {
        "partners": [
            "GMTKN55:ACONF/P_GG",
            "GMTKN55:ACONF/P_TT"
        ],
        "nu": [
            1,
            -1
        ],
        "egfn1": 0.7430761456489563,
        "egfn2": 1.215077519416809,
        "eref": 0.9610000252723694
    },
    "GMTKN55:ACONF_4": {
        "partners": [
            "GMTKN55:ACONF/P_GX",
            "GMTKN55:ACONF/P_TT"
        ],
        "nu": [
            1,
            -1
        ],
        "egfn1": 1.7610076665878296,
        "egfn2": 2.484736680984497,
        "eref": 2.812999963760376
    },
    "GMTKN55:ACONF_5": {
        "partners": [
            "GMTKN55:ACONF/H_gtt",
            "GMTKN55:ACONF/H_ttt"
        ],
        "nu": [
            1,
            -1
        ],
        "egfn1": 0.2769378423690796,
        "egfn2": 0.5734216570854187,
        "eref": 0.5950000286102295
    },
    "GMTKN55:ACONF_6": {
        "partners": [
            "GMTKN55:ACONF/H_tgt",
            "GMTKN55:ACONF/H_ttt"
        ],
        "nu": [
            1,
            -1
        ],
        "egfn1": 0.2778908908367157,
        "egfn2": 0.5455507040023804,
        "eref": 0.6039999723434448
    },
    "GMTKN55:ACONF_7": {
        "partners": [
            "GMTKN55:ACONF/H_tgg",
            "GMTKN55:ACONF/H_ttt"
        ],
        "nu": [
            1,
            -1
        ],
        "egfn1": 0.6827178001403809,
        "egfn2": 1.176807165145874,
        "eref": 0.9340000152587891
    },
    "GMTKN55:ACONF_8": {
        "partners": [
            "GMTKN55:ACONF/H_gtg",
            "GMTKN55:ACONF/H_ttt"
        ],
        "nu": [
            1,
            -1
        ],
        "egfn1": 0.554462730884552,
        "egfn2": 1.0825265645980835,
        "eref": 1.1779999732971191
    },
    "GMTKN55:ACONF_9": {
        "partners": [
            "GMTKN55:ACONF/H_g+t+g-",
            "GMTKN55:ACONF/H_ttt"
        ],
        "nu": [
            1,
            -1
        ],
        "egfn1": 0.6175106763839722,
        "egfn2": 1.2335513830184937,
        "eref": 1.3020000457763672
    },
    "GMTKN55:ACONF_10": {
        "partners": [
            "GMTKN55:ACONF/H_ggg",
            "GMTKN55:ACONF/H_ttt"
        ],
        "nu": [
            1,
            -1
        ],
        "egfn1": 1.0186679363250732,
        "egfn2": 1.7430040836334229,
        "eref": 1.25
    },
    "GMTKN55:ACONF_11": {
        "partners": [
            "GMTKN55:ACONF/H_g+x-t+",
            "GMTKN55:ACONF/H_ttt"
        ],
        "nu": [
            1,
            -1
        ],
        "egfn1": 1.693738579750061,
        "egfn2": 2.3853373527526855,
        "eref": 2.631999969482422
    },
    "GMTKN55:ACONF_12": {
        "partners": [
            "GMTKN55:ACONF/H_t+g+x-",
            "GMTKN55:ACONF/H_ttt"
        ],
        "nu": [
            1,
            -1
        ],
        "egfn1": 1.7186800241470337,
        "egfn2": 2.4338364601135254,
        "eref": 2.740000009536743
    },
    "GMTKN55:ACONF_13": {
        "partners": [
            "GMTKN55:ACONF/H_g+x-g-",
            "GMTKN55:ACONF/H_ttt"
        ],
        "nu": [
            1,
            -1
        ],
        "egfn1": 1.932724952697754,
        "egfn2": 2.8638715744018555,
        "eref": 3.2829999923706055
    },
    "GMTKN55:ACONF_14": {
        "partners": [
            "GMTKN55:ACONF/H_x+g-g-",
            "GMTKN55:ACONF/H_ttt"
        ],
        "nu": [
            1,
            -1
        ],
        "egfn1": 2.114137887954712,
        "egfn2": 3.051638126373291,
        "eref": 3.0829999446868896
    },
    "GMTKN55:ACONF_15": {
        "partners": [
            "GMTKN55:ACONF/H_x+g-x+",
            "GMTKN55:ACONF/H_ttt"
        ],
        "nu": [
            1,
            -1
        ],
        "egfn1": 3.5690653324127197,
        "egfn2": 4.650948524475098,
        "eref": 4.925000190734863
    }
}